﻿<?xml version='1.0'?>
<?mso-application progid='Excel.Sheet'?>
<s:Workbook xmlns:x="urn:schemas-microsoft-com:office:excel" xmlns:o="urn:schemas-microsoft-com:office:office" xmlns:s="urn:schemas-microsoft-com:office:spreadsheet">
  <o:DocumentProperties>
    <o:LastAuthor>ScanTool.net LLC</o:LastAuthor>
    <o:Created>2013-09-17T11:58:55</o:Created>
    <o:LastSaved>2013-09-17T11:58:55</o:LastSaved>
    <o:Version>11.9999</o:Version>
  </o:DocumentProperties>
  <x:ExcelWorkbook>
    <x:WindowHeight>8190</x:WindowHeight>
    <x:WindowTopX>0</x:WindowTopX>
    <x:WindowTopY>0</x:WindowTopY>
    <x:WindowWidth>16380</x:WindowWidth>
    <x:ProtectStructure>False</x:ProtectStructure>
    <x:ProtectWindows>False</x:ProtectWindows>
  </x:ExcelWorkbook>
  <s:Styles>
    <s:Style s:ID="Default" s:Name="Normal">
      <s:Alignment s:Horizontal="Center" s:Vertical="Center" />
    </s:Style>
    <s:Style s:ID="Title" s:Parent="Default">
      <s:Font s:Bold="1" s:Size="16" />
    </s:Style>
    <s:Style s:ID="Description" s:Parent="Default">
      <s:Font s:Size="12" />
    </s:Style>
    <s:Style s:ID="Heading" s:Parent="Default">
      <s:Borders>
        <s:Border s:Position="Top" s:LineStyle="Continuous" s:Weight="2" />
        <s:Border s:Position="Left" s:LineStyle="Continuous" s:Weight="2" />
        <s:Border s:Position="Right" s:LineStyle="Continuous" s:Weight="2" />
        <s:Border s:Position="Bottom" s:LineStyle="Continuous" s:Weight="2" />
      </s:Borders>
      <s:Font s:Bold="1" s:Size="14" />
    </s:Style>
    <s:Style s:ID="PartsHeader" s:Parent="Default">
      <s:Borders>
        <s:Border s:Position="Top" s:LineStyle="Continuous" s:Weight="2" />
        <s:Border s:Position="Left" s:LineStyle="Continuous" s:Weight="2" />
        <s:Border s:Position="Right" s:LineStyle="Continuous" s:Weight="2" />
        <s:Border s:Position="Bottom" s:LineStyle="Continuous" s:Weight="2" />
      </s:Borders>
      <s:Font s:Bold="1" s:Size="6" />
      <s:Interior s:Color="#C0C0C0" s:Pattern="Solid" />
    </s:Style>
    <s:Style s:ID="PartsTopLeftCell" s:Parent="Default">
      <s:Alignment s:Horizontal="Center" s:Vertical="Center" s:WrapText="1" />
      <s:Borders>
        <s:Border s:Position="Top" s:LineStyle="Continuous" s:Weight="2" />
        <s:Border s:Position="Left" s:LineStyle="Continuous" s:Weight="2" />
        <s:Border s:Position="Right" s:LineStyle="Continuous" s:Weight="1" />
        <s:Border s:Position="Bottom" s:LineStyle="Continuous" s:Weight="1" />
      </s:Borders>
      <s:Font s:Size="6" />
    </s:Style>
    <s:Style s:ID="PartsTopMiddleCell" s:Parent="Default">
      <s:Alignment s:Horizontal="Center" s:Vertical="Center" s:WrapText="1" />
      <s:Borders>
        <s:Border s:Position="Top" s:LineStyle="Continuous" s:Weight="2" />
        <s:Border s:Position="Left" s:LineStyle="Continuous" s:Weight="1" />
        <s:Border s:Position="Right" s:LineStyle="Continuous" s:Weight="1" />
        <s:Border s:Position="Bottom" s:LineStyle="Continuous" s:Weight="1" />
      </s:Borders>
      <s:Font s:Size="6" />
    </s:Style>
    <s:Style s:ID="PartsTopRightCell" s:Parent="Default">
      <s:Alignment s:Horizontal="Center" s:Vertical="Center" s:WrapText="1" />
      <s:Borders>
        <s:Border s:Position="Top" s:LineStyle="Continuous" s:Weight="2" />
        <s:Border s:Position="Left" s:LineStyle="Continuous" s:Weight="1" />
        <s:Border s:Position="Right" s:LineStyle="Continuous" s:Weight="2" />
        <s:Border s:Position="Bottom" s:LineStyle="Continuous" s:Weight="1" />
      </s:Borders>
      <s:Font s:Size="6" />
    </s:Style>
    <s:Style s:ID="PartsLeftCell" s:Parent="Default">
      <s:Alignment s:Horizontal="Center" s:Vertical="Center" s:WrapText="1" />
      <s:Borders>
        <s:Border s:Position="Top" s:LineStyle="Continuous" s:Weight="1" />
        <s:Border s:Position="Left" s:LineStyle="Continuous" s:Weight="2" />
        <s:Border s:Position="Right" s:LineStyle="Continuous" s:Weight="1" />
        <s:Border s:Position="Bottom" s:LineStyle="Continuous" s:Weight="1" />
      </s:Borders>
      <s:Font s:Size="6" />
    </s:Style>
    <s:Style s:ID="PartsMiddleCell" s:Parent="Default">
      <s:Alignment s:Horizontal="Center" s:Vertical="Center" s:WrapText="1" />
      <s:Borders>
        <s:Border s:Position="Top" s:LineStyle="Continuous" s:Weight="1" />
        <s:Border s:Position="Left" s:LineStyle="Continuous" s:Weight="1" />
        <s:Border s:Position="Right" s:LineStyle="Continuous" s:Weight="1" />
        <s:Border s:Position="Bottom" s:LineStyle="Continuous" s:Weight="1" />
      </s:Borders>
      <s:Font s:Size="6" />
    </s:Style>
    <s:Style s:ID="PartsRightCell" s:Parent="Default">
      <s:Alignment s:Horizontal="Center" s:Vertical="Center" s:WrapText="1" />
      <s:Borders>
        <s:Border s:Position="Top" s:LineStyle="Continuous" s:Weight="1" />
        <s:Border s:Position="Left" s:LineStyle="Continuous" s:Weight="1" />
        <s:Border s:Position="Right" s:LineStyle="Continuous" s:Weight="2" />
        <s:Border s:Position="Bottom" s:LineStyle="Continuous" s:Weight="1" />
      </s:Borders>
      <s:Font s:Size="6" />
    </s:Style>
    <s:Style s:ID="PartsBottomLeftCell" s:Parent="Default">
      <s:Alignment s:Horizontal="Center" s:Vertical="Center" s:WrapText="1" />
      <s:Borders>
        <s:Border s:Position="Top" s:LineStyle="Continuous" s:Weight="1" />
        <s:Border s:Position="Left" s:LineStyle="Continuous" s:Weight="2" />
        <s:Border s:Position="Right" s:LineStyle="Continuous" s:Weight="1" />
        <s:Border s:Position="Bottom" s:LineStyle="Continuous" s:Weight="2" />
      </s:Borders>
      <s:Font s:Size="6" />
    </s:Style>
    <s:Style s:ID="PartsBottomMiddleCell" s:Parent="Default">
      <s:Alignment s:Horizontal="Center" s:Vertical="Center" s:WrapText="1" />
      <s:Borders>
        <s:Border s:Position="Top" s:LineStyle="Continuous" s:Weight="1" />
        <s:Border s:Position="Left" s:LineStyle="Continuous" s:Weight="1" />
        <s:Border s:Position="Right" s:LineStyle="Continuous" s:Weight="1" />
        <s:Border s:Position="Bottom" s:LineStyle="Continuous" s:Weight="2" />
      </s:Borders>
      <s:Font s:Size="6" />
    </s:Style>
    <s:Style s:ID="PartsBottomRightCell" s:Parent="Default">
      <s:Alignment s:Horizontal="Center" s:Vertical="Center" s:WrapText="1" />
      <s:Borders>
        <s:Border s:Position="Top" s:LineStyle="Continuous" s:Weight="1" />
        <s:Border s:Position="Left" s:LineStyle="Continuous" s:Weight="1" />
        <s:Border s:Position="Right" s:LineStyle="Continuous" s:Weight="2" />
        <s:Border s:Position="Bottom" s:LineStyle="Continuous" s:Weight="2" />
      </s:Borders>
      <s:Font s:Size="6" />
    </s:Style>
    <s:Style s:ID="PartsSingleRowLeftCell" s:Parent="Default">
      <s:Alignment s:Horizontal="Center" s:Vertical="Center" s:WrapText="1" />
      <s:Borders>
        <s:Border s:Position="Top" s:LineStyle="Continuous" s:Weight="2" />
        <s:Border s:Position="Left" s:LineStyle="Continuous" s:Weight="2" />
        <s:Border s:Position="Right" s:LineStyle="Continuous" s:Weight="1" />
        <s:Border s:Position="Bottom" s:LineStyle="Continuous" s:Weight="2" />
      </s:Borders>
      <s:Font s:Size="6" />
    </s:Style>
    <s:Style s:ID="PartsSingleRowMiddleCell" s:Parent="Default">
      <s:Alignment s:Horizontal="Center" s:Vertical="Center" s:WrapText="1" />
      <s:Borders>
        <s:Border s:Position="Top" s:LineStyle="Continuous" s:Weight="2" />
        <s:Border s:Position="Left" s:LineStyle="Continuous" s:Weight="1" />
        <s:Border s:Position="Right" s:LineStyle="Continuous" s:Weight="1" />
        <s:Border s:Position="Bottom" s:LineStyle="Continuous" s:Weight="2" />
      </s:Borders>
      <s:Font s:Size="6" />
    </s:Style>
    <s:Style s:ID="PartsSingleRowRightCell" s:Parent="Default">
      <s:Alignment s:Horizontal="Center" s:Vertical="Center" s:WrapText="1" />
      <s:Borders>
        <s:Border s:Position="Top" s:LineStyle="Continuous" s:Weight="2" />
        <s:Border s:Position="Left" s:LineStyle="Continuous" s:Weight="1" />
        <s:Border s:Position="Right" s:LineStyle="Continuous" s:Weight="2" />
        <s:Border s:Position="Bottom" s:LineStyle="Continuous" s:Weight="2" />
      </s:Borders>
      <s:Font s:Size="6" />
    </s:Style>
    <s:Style s:ID="PartsTopFirstSubCell" s:Parent="Default">
      <s:Alignment s:Horizontal="Center" s:Vertical="Center" s:WrapText="1" />
      <s:Borders>
        <s:Border s:Position="Top" s:LineStyle="Continuous" s:Weight="2" />
        <s:Border s:Position="Left" s:LineStyle="Continuous" s:Weight="1" />
        <s:Border s:Position="Right" s:LineStyle="Continuous" s:Weight="1" />
      </s:Borders>
      <s:Font s:Size="6" />
    </s:Style>
    <s:Style s:ID="PartsFirstSubCell" s:Parent="Default">
      <s:Alignment s:Horizontal="Center" s:Vertical="Center" s:WrapText="1" />
      <s:Borders>
        <s:Border s:Position="Top" s:LineStyle="Continuous" s:Weight="1" />
        <s:Border s:Position="Left" s:LineStyle="Continuous" s:Weight="1" />
        <s:Border s:Position="Right" s:LineStyle="Continuous" s:Weight="1" />
      </s:Borders>
      <s:Font s:Size="6" />
    </s:Style>
    <s:Style s:ID="PartsSubCell" s:Parent="Default">
      <s:Alignment s:Horizontal="Center" s:Vertical="Center" s:WrapText="1" />
      <s:Borders>
        <s:Border s:Position="Left" s:LineStyle="Continuous" s:Weight="1" />
        <s:Border s:Position="Right" s:LineStyle="Continuous" s:Weight="1" />
      </s:Borders>
      <s:Font s:Size="6" />
    </s:Style>
    <s:Style s:ID="PartsLastSubCell" s:Parent="Default">
      <s:Alignment s:Horizontal="Center" s:Vertical="Center" s:WrapText="1" />
      <s:Borders>
        <s:Border s:Position="Left" s:LineStyle="Continuous" s:Weight="1" />
        <s:Border s:Position="Right" s:LineStyle="Continuous" s:Weight="1" />
        <s:Border s:Position="Bottom" s:LineStyle="Continuous" s:Weight="1" />
      </s:Borders>
      <s:Font s:Size="6" />
    </s:Style>
    <s:Style s:ID="PartsBottomLastSubCell" s:Parent="Default">
      <s:Alignment s:Horizontal="Center" s:Vertical="Center" s:WrapText="1" />
      <s:Borders>
        <s:Border s:Position="Left" s:LineStyle="Continuous" s:Weight="1" />
        <s:Border s:Position="Right" s:LineStyle="Continuous" s:Weight="1" />
        <s:Border s:Position="Bottom" s:LineStyle="Continuous" s:Weight="2" />
      </s:Borders>
      <s:Font s:Size="6" />
    </s:Style>
    <s:Style s:ID="PCBSpecsHeader" s:Parent="Default">
      <s:Alignment s:Horizontal="Right" s:Indent="1" s:Vertical="Center" />
      <s:Borders>
        <s:Border s:Position="Top" s:LineStyle="Continuous" s:Weight="2" />
        <s:Border s:Position="Left" s:LineStyle="Continuous" s:Weight="2" />
        <s:Border s:Position="Right" s:LineStyle="Continuous" s:Weight="2" />
        <s:Border s:Position="Bottom" s:LineStyle="Continuous" s:Weight="2" />
      </s:Borders>
      <s:Font s:Bold="1" s:Size="6" />
      <s:Interior s:Color="#C0C0C0" s:Pattern="Solid" />
    </s:Style>
    <s:Style s:ID="PCBSpecsFirstLine" s:Parent="Default">
      <s:Alignment s:Horizontal="Left" s:Indent="1" s:Vertical="Center" s:WrapText="1" />
      <s:Borders>
        <s:Border s:Position="Top" s:LineStyle="Continuous" s:Weight="2" />
        <s:Border s:Position="Left" s:LineStyle="Continuous" s:Weight="2" />
        <s:Border s:Position="Right" s:LineStyle="Continuous" s:Weight="2" />
        <s:Border s:Position="Bottom" s:LineStyle="Continuous" s:Weight="1" />
      </s:Borders>
      <s:Font s:Size="6" />
    </s:Style>
    <s:Style s:ID="PCBSpecsLine" s:Parent="Default">
      <s:Alignment s:Horizontal="Left" s:Indent="1" s:Vertical="Center" s:WrapText="1" />
      <s:Borders>
        <s:Border s:Position="Top" s:LineStyle="Continuous" s:Weight="1" />
        <s:Border s:Position="Left" s:LineStyle="Continuous" s:Weight="2" />
        <s:Border s:Position="Right" s:LineStyle="Continuous" s:Weight="2" />
        <s:Border s:Position="Bottom" s:LineStyle="Continuous" s:Weight="1" />
      </s:Borders>
      <s:Font s:Size="6" />
    </s:Style>
    <s:Style s:ID="PCBSpecsLastLine" s:Parent="Default">
      <s:Alignment s:Horizontal="Left" s:Indent="1" s:Vertical="Center" s:WrapText="1" />
      <s:Borders>
        <s:Border s:Position="Top" s:LineStyle="Continuous" s:Weight="1" />
        <s:Border s:Position="Left" s:LineStyle="Continuous" s:Weight="2" />
        <s:Border s:Position="Right" s:LineStyle="Continuous" s:Weight="2" />
        <s:Border s:Position="Bottom" s:LineStyle="Continuous" s:Weight="2" />
      </s:Borders>
      <s:Font s:Size="6" />
    </s:Style>
    <s:Style s:ID="NotesHeader" s:Parent="Default">
      <s:Alignment s:Horizontal="Left" s:Indent="1" s:Vertical="Center" />
      <s:Borders>
        <s:Border s:Position="Top" s:LineStyle="Continuous" s:Weight="2" />
        <s:Border s:Position="Left" s:LineStyle="Continuous" s:Weight="2" />
        <s:Border s:Position="Right" s:LineStyle="Continuous" s:Weight="2" />
        <s:Border s:Position="Bottom" s:LineStyle="Continuous" s:Weight="2" />
      </s:Borders>
      <s:Font s:Bold="1" s:Size="8" />
      <s:Interior s:Color="#C0C0C0" s:Pattern="Solid" />
    </s:Style>
    <s:Style s:ID="NotesFirstLine" s:Parent="Default">
      <s:Alignment s:Horizontal="Left" s:Indent="1" s:Vertical="Center" s:WrapText="1" />
      <s:Borders>
        <s:Border s:Position="Top" s:LineStyle="Continuous" s:Weight="2" />
        <s:Border s:Position="Left" s:LineStyle="Continuous" s:Weight="2" />
        <s:Border s:Position="Right" s:LineStyle="Continuous" s:Weight="2" />
      </s:Borders>
      <s:Font s:Size="8" />
    </s:Style>
    <s:Style s:ID="NotesLine" s:Parent="Default">
      <s:Alignment s:Horizontal="Left" s:Indent="1" s:Vertical="Center" s:WrapText="1" />
      <s:Borders>
        <s:Border s:Position="Left" s:LineStyle="Continuous" s:Weight="2" />
        <s:Border s:Position="Right" s:LineStyle="Continuous" s:Weight="2" />
      </s:Borders>
      <s:Font s:Size="8" />
    </s:Style>
    <s:Style s:ID="NotesLastLine" s:Parent="Default">
      <s:Alignment s:Horizontal="Left" s:Indent="1" s:Vertical="Center" s:WrapText="1" />
      <s:Borders>
        <s:Border s:Position="Left" s:LineStyle="Continuous" s:Weight="2" />
        <s:Border s:Position="Right" s:LineStyle="Continuous" s:Weight="2" />
        <s:Border s:Position="Bottom" s:LineStyle="Continuous" s:Weight="2" />
      </s:Borders>
      <s:Font s:Size="8" />
    </s:Style>
    <s:Style s:ID="Copyright" s:Parent="Default">
      <s:Alignment s:Horizontal="Center" s:Vertical="Bottom" />
      <s:Font s:Size="8" />
    </s:Style>
  </s:Styles>
  <s:Worksheet s:Name="BOM">
    <s:Table s:ExpandedColumnCount="11" s:ExpandedRowCount="35" x:FullColumns="1" x:FullRows="1">
      <s:Column s:Width="20" />
      <s:Column s:Width="80" />
      <s:Column s:Width="70" />
      <s:Column s:Width="70" />
      <s:Column s:Width="85" />
      <s:Column s:Width="85" />
      <s:Column s:Width="85" />
      <s:Column s:Width="20" />
      <s:Column s:Width="85" />
      <s:Column s:Width="85" />
      <s:Column s:Width="20" />
      <s:Row s:Height="26" s:AutoFitHeight="0">
        <s:Cell s:MergeAcross="10" s:StyleID="Title">
          <s:Data s:Type="String">Bill of Materials - STN1170 - Breakout Board, Rev 1.1/B</s:Data>
        </s:Cell>
      </s:Row>
      <s:Row s:Height="15">
        <s:Cell s:MergeAcross="10" s:StyleID="Description">
          <s:Data s:Type="String">Breakout Board</s:Data>
        </s:Cell>
      </s:Row>
      <s:Row s:Height="15">
        <s:Cell s:MergeAcross="10" />
      </s:Row>
      <s:Row s:Height="20">
        <s:Cell s:MergeAcross="10" s:StyleID="Heading">
          <s:Data s:Type="String">Parts</s:Data>
        </s:Cell>
      </s:Row>
      <s:Row s:Height="15">
        <s:Cell s:StyleID="PartsHeader">
          <s:Data s:Type="String">Line</s:Data>
        </s:Cell>
        <s:Cell s:StyleID="PartsHeader">
          <s:Data s:Type="String">Description</s:Data>
        </s:Cell>
        <s:Cell s:StyleID="PartsHeader">
          <s:Data s:Type="String">Designators</s:Data>
        </s:Cell>
        <s:Cell s:StyleID="PartsHeader">
          <s:Data s:Type="String">Value</s:Data>
        </s:Cell>
        <s:Cell s:StyleID="PartsHeader">
          <s:Data s:Type="String">Package</s:Data>
        </s:Cell>
        <s:Cell s:StyleID="PartsHeader">
          <s:Data s:Type="String">Manufacturer</s:Data>
        </s:Cell>
        <s:Cell s:StyleID="PartsHeader">
          <s:Data s:Type="String">Manufacturer P/N</s:Data>
        </s:Cell>
        <s:Cell s:StyleID="PartsHeader">
          <s:Data s:Type="String">Sub</s:Data>
        </s:Cell>
        <s:Cell s:StyleID="PartsHeader">
          <s:Data s:Type="String">Supplier</s:Data>
        </s:Cell>
        <s:Cell s:StyleID="PartsHeader">
          <s:Data s:Type="String">Supplier P/N</s:Data>
        </s:Cell>
        <s:Cell s:StyleID="PartsHeader">
          <s:Data s:Type="String">Qty</s:Data>
        </s:Cell>
      </s:Row>
      <s:Row>
        <s:Cell s:StyleID="PartsTopLeftCell">
          <s:Data s:Type="Number">1</s:Data>
        </s:Cell>
        <s:Cell s:StyleID="PartsTopMiddleCell">
          <s:Data s:Type="String">Capacitor</s:Data>
        </s:Cell>
        <s:Cell s:StyleID="PartsTopMiddleCell">
          <s:Data s:Type="String">C4, C5</s:Data>
        </s:Cell>
        <s:Cell s:StyleID="PartsTopMiddleCell">
          <s:Data s:Type="String">30pF</s:Data>
        </s:Cell>
        <s:Cell s:StyleID="PartsTopMiddleCell">
          <s:Data s:Type="String">0603</s:Data>
        </s:Cell>
        <s:Cell s:StyleID="PartsTopMiddleCell">
          <s:Data s:Type="String" />
        </s:Cell>
        <s:Cell s:StyleID="PartsTopMiddleCell">
          <s:Data s:Type="String" />
        </s:Cell>
        <s:Cell s:StyleID="PartsTopMiddleCell">
          <s:Data s:Type="String" />
        </s:Cell>
        <s:Cell s:StyleID="PartsTopMiddleCell">
          <s:Data s:Type="String" />
        </s:Cell>
        <s:Cell s:StyleID="PartsTopMiddleCell">
          <s:Data s:Type="String" />
        </s:Cell>
        <s:Cell s:StyleID="PartsTopRightCell">
          <s:Data s:Type="Number">2</s:Data>
        </s:Cell>
      </s:Row>
      <s:Row>
        <s:Cell s:StyleID="PartsLeftCell">
          <s:Data s:Type="Number">2</s:Data>
        </s:Cell>
        <s:Cell s:StyleID="PartsMiddleCell">
          <s:Data s:Type="String">Capacitor</s:Data>
        </s:Cell>
        <s:Cell s:StyleID="PartsMiddleCell">
          <s:Data s:Type="String">C1, C3, C6</s:Data>
        </s:Cell>
        <s:Cell s:StyleID="PartsMiddleCell">
          <s:Data s:Type="String">1uF</s:Data>
        </s:Cell>
        <s:Cell s:StyleID="PartsMiddleCell">
          <s:Data s:Type="String">0603</s:Data>
        </s:Cell>
        <s:Cell s:StyleID="PartsMiddleCell">
          <s:Data s:Type="String" />
        </s:Cell>
        <s:Cell s:StyleID="PartsMiddleCell">
          <s:Data s:Type="String" />
        </s:Cell>
        <s:Cell s:StyleID="PartsMiddleCell">
          <s:Data s:Type="String" />
        </s:Cell>
        <s:Cell s:StyleID="PartsMiddleCell">
          <s:Data s:Type="String" />
        </s:Cell>
        <s:Cell s:StyleID="PartsMiddleCell">
          <s:Data s:Type="String" />
        </s:Cell>
        <s:Cell s:StyleID="PartsRightCell">
          <s:Data s:Type="Number">3</s:Data>
        </s:Cell>
      </s:Row>
      <s:Row>
        <s:Cell s:StyleID="PartsLeftCell">
          <s:Data s:Type="Number">3</s:Data>
        </s:Cell>
        <s:Cell s:StyleID="PartsMiddleCell">
          <s:Data s:Type="String">Capacitor</s:Data>
        </s:Cell>
        <s:Cell s:StyleID="PartsMiddleCell">
          <s:Data s:Type="String">C2</s:Data>
        </s:Cell>
        <s:Cell s:StyleID="PartsMiddleCell">
          <s:Data s:Type="String">10uF ESR&lt;5</s:Data>
        </s:Cell>
        <s:Cell s:StyleID="PartsMiddleCell">
          <s:Data s:Type="String">0805</s:Data>
        </s:Cell>
        <s:Cell s:StyleID="PartsMiddleCell">
          <s:Data s:Type="String" />
        </s:Cell>
        <s:Cell s:StyleID="PartsMiddleCell">
          <s:Data s:Type="String" />
        </s:Cell>
        <s:Cell s:StyleID="PartsMiddleCell">
          <s:Data s:Type="String" />
        </s:Cell>
        <s:Cell s:StyleID="PartsMiddleCell">
          <s:Data s:Type="String" />
        </s:Cell>
        <s:Cell s:StyleID="PartsMiddleCell">
          <s:Data s:Type="String" />
        </s:Cell>
        <s:Cell s:StyleID="PartsRightCell">
          <s:Data s:Type="Number">1</s:Data>
        </s:Cell>
      </s:Row>
      <s:Row>
        <s:Cell s:StyleID="PartsLeftCell">
          <s:Data s:Type="Number">4</s:Data>
        </s:Cell>
        <s:Cell s:StyleID="PartsMiddleCell">
          <s:Data s:Type="String">Crystal</s:Data>
        </s:Cell>
        <s:Cell s:StyleID="PartsMiddleCell">
          <s:Data s:Type="String">X1</s:Data>
        </s:Cell>
        <s:Cell s:StyleID="PartsMiddleCell">
          <s:Data s:Type="String">16MHz</s:Data>
        </s:Cell>
        <s:Cell s:StyleID="PartsMiddleCell">
          <s:Data s:Type="String">3.2X2.5-MM</s:Data>
        </s:Cell>
        <s:Cell s:StyleID="PartsMiddleCell">
          <s:Data s:Type="String">TXC</s:Data>
        </s:Cell>
        <s:Cell s:StyleID="PartsMiddleCell">
          <s:Data s:Type="String">7M</s:Data>
        </s:Cell>
        <s:Cell s:StyleID="PartsMiddleCell">
          <s:Data s:Type="String" />
        </s:Cell>
        <s:Cell s:StyleID="PartsMiddleCell">
          <s:Data s:Type="String" />
        </s:Cell>
        <s:Cell s:StyleID="PartsMiddleCell">
          <s:Data s:Type="String" />
        </s:Cell>
        <s:Cell s:StyleID="PartsRightCell">
          <s:Data s:Type="Number">1</s:Data>
        </s:Cell>
      </s:Row>
      <s:Row>
        <s:Cell s:StyleID="PartsLeftCell">
          <s:Data s:Type="Number">5</s:Data>
        </s:Cell>
        <s:Cell s:StyleID="PartsMiddleCell">
          <s:Data s:Type="String">Diode, Schottky</s:Data>
        </s:Cell>
        <s:Cell s:StyleID="PartsMiddleCell">
          <s:Data s:Type="String">D1, D2</s:Data>
        </s:Cell>
        <s:Cell s:StyleID="PartsMiddleCell">
          <s:Data s:Type="String">BAT46</s:Data>
        </s:Cell>
        <s:Cell s:StyleID="PartsMiddleCell">
          <s:Data s:Type="String">SOD-323_SCHOTTKY</s:Data>
        </s:Cell>
        <s:Cell s:StyleID="PartsMiddleCell">
          <s:Data s:Type="String">STMicroelectronics</s:Data>
        </s:Cell>
        <s:Cell s:StyleID="PartsMiddleCell">
          <s:Data s:Type="String">BAT46JFILM</s:Data>
        </s:Cell>
        <s:Cell s:StyleID="PartsMiddleCell">
          <s:Data s:Type="String" />
        </s:Cell>
        <s:Cell s:StyleID="PartsMiddleCell">
          <s:Data s:Type="String">Digikey</s:Data>
        </s:Cell>
        <s:Cell s:StyleID="PartsMiddleCell">
          <s:Data s:Type="String">497-6653-1-ND</s:Data>
        </s:Cell>
        <s:Cell s:StyleID="PartsRightCell">
          <s:Data s:Type="Number">2</s:Data>
        </s:Cell>
      </s:Row>
      <s:Row>
        <s:Cell s:StyleID="PartsLeftCell">
          <s:Data s:Type="Number">6</s:Data>
        </s:Cell>
        <s:Cell s:StyleID="PartsMiddleCell">
          <s:Data s:Type="String">Header</s:Data>
        </s:Cell>
        <s:Cell s:StyleID="PartsMiddleCell">
          <s:Data s:Type="String">CN1</s:Data>
        </s:Cell>
        <s:Cell s:StyleID="PartsMiddleCell">
          <s:Data s:Type="String">STN1170_BREAKOUT_44PIN</s:Data>
        </s:Cell>
        <s:Cell s:StyleID="PartsMiddleCell">
          <s:Data s:Type="String">STN1170_BREAKOUT_44PIN</s:Data>
        </s:Cell>
        <s:Cell s:StyleID="PartsMiddleCell">
          <s:Data s:Type="String" />
        </s:Cell>
        <s:Cell s:StyleID="PartsMiddleCell">
          <s:Data s:Type="String">0.1" male header</s:Data>
        </s:Cell>
        <s:Cell s:StyleID="PartsMiddleCell">
          <s:Data s:Type="String" />
        </s:Cell>
        <s:Cell s:StyleID="PartsMiddleCell">
          <s:Data s:Type="String" />
        </s:Cell>
        <s:Cell s:StyleID="PartsMiddleCell">
          <s:Data s:Type="String" />
        </s:Cell>
        <s:Cell s:StyleID="PartsRightCell">
          <s:Data s:Type="Number">1</s:Data>
        </s:Cell>
      </s:Row>
      <s:Row>
        <s:Cell s:StyleID="PartsLeftCell">
          <s:Data s:Type="Number">7</s:Data>
        </s:Cell>
        <s:Cell s:StyleID="PartsMiddleCell">
          <s:Data s:Type="String">IC, OBD-to-UART</s:Data>
        </s:Cell>
        <s:Cell s:StyleID="PartsMiddleCell">
          <s:Data s:Type="String">IC1</s:Data>
        </s:Cell>
        <s:Cell s:StyleID="PartsMiddleCell">
          <s:Data s:Type="String">STN1170-I/ML</s:Data>
        </s:Cell>
        <s:Cell s:StyleID="PartsMiddleCell">
          <s:Data s:Type="String">QFN-44</s:Data>
        </s:Cell>
        <s:Cell s:StyleID="PartsMiddleCell">
          <s:Data s:Type="String">ScanTool.net, LLC</s:Data>
        </s:Cell>
        <s:Cell s:StyleID="PartsMiddleCell">
          <s:Data s:Type="String">???</s:Data>
        </s:Cell>
        <s:Cell s:StyleID="PartsMiddleCell">
          <s:Data s:Type="String" />
        </s:Cell>
        <s:Cell s:StyleID="PartsMiddleCell">
          <s:Data s:Type="String" />
        </s:Cell>
        <s:Cell s:StyleID="PartsMiddleCell">
          <s:Data s:Type="String" />
        </s:Cell>
        <s:Cell s:StyleID="PartsRightCell">
          <s:Data s:Type="Number">1</s:Data>
        </s:Cell>
      </s:Row>
      <s:Row>
        <s:Cell s:StyleID="PartsLeftCell">
          <s:Data s:Type="Number">8</s:Data>
        </s:Cell>
        <s:Cell s:StyleID="PartsMiddleCell">
          <s:Data s:Type="String">LED</s:Data>
        </s:Cell>
        <s:Cell s:StyleID="PartsMiddleCell">
          <s:Data s:Type="String">LED1, LED2, LED3</s:Data>
        </s:Cell>
        <s:Cell s:StyleID="PartsMiddleCell">
          <s:Data s:Type="String" />
        </s:Cell>
        <s:Cell s:StyleID="PartsMiddleCell">
          <s:Data s:Type="String">0805-LED</s:Data>
        </s:Cell>
        <s:Cell s:StyleID="PartsMiddleCell">
          <s:Data s:Type="String" />
        </s:Cell>
        <s:Cell s:StyleID="PartsMiddleCell">
          <s:Data s:Type="String" />
        </s:Cell>
        <s:Cell s:StyleID="PartsMiddleCell">
          <s:Data s:Type="String" />
        </s:Cell>
        <s:Cell s:StyleID="PartsMiddleCell">
          <s:Data s:Type="String" />
        </s:Cell>
        <s:Cell s:StyleID="PartsMiddleCell">
          <s:Data s:Type="String" />
        </s:Cell>
        <s:Cell s:StyleID="PartsRightCell">
          <s:Data s:Type="Number">3</s:Data>
        </s:Cell>
      </s:Row>
      <s:Row>
        <s:Cell s:StyleID="PartsLeftCell">
          <s:Data s:Type="Number">9</s:Data>
        </s:Cell>
        <s:Cell s:StyleID="PartsMiddleCell">
          <s:Data s:Type="String">Resistor</s:Data>
        </s:Cell>
        <s:Cell s:StyleID="PartsMiddleCell">
          <s:Data s:Type="String">R2</s:Data>
        </s:Cell>
        <s:Cell s:StyleID="PartsMiddleCell">
          <s:Data s:Type="String">10</s:Data>
        </s:Cell>
        <s:Cell s:StyleID="PartsMiddleCell">
          <s:Data s:Type="String">0603</s:Data>
        </s:Cell>
        <s:Cell s:StyleID="PartsMiddleCell">
          <s:Data s:Type="String" />
        </s:Cell>
        <s:Cell s:StyleID="PartsMiddleCell">
          <s:Data s:Type="String" />
        </s:Cell>
        <s:Cell s:StyleID="PartsMiddleCell">
          <s:Data s:Type="String" />
        </s:Cell>
        <s:Cell s:StyleID="PartsMiddleCell">
          <s:Data s:Type="String" />
        </s:Cell>
        <s:Cell s:StyleID="PartsMiddleCell">
          <s:Data s:Type="String" />
        </s:Cell>
        <s:Cell s:StyleID="PartsRightCell">
          <s:Data s:Type="Number">1</s:Data>
        </s:Cell>
      </s:Row>
      <s:Row>
        <s:Cell s:StyleID="PartsLeftCell">
          <s:Data s:Type="Number">10</s:Data>
        </s:Cell>
        <s:Cell s:StyleID="PartsMiddleCell">
          <s:Data s:Type="String">Resistor</s:Data>
        </s:Cell>
        <s:Cell s:StyleID="PartsMiddleCell">
          <s:Data s:Type="String">R3, R4, R6</s:Data>
        </s:Cell>
        <s:Cell s:StyleID="PartsMiddleCell">
          <s:Data s:Type="String">348</s:Data>
        </s:Cell>
        <s:Cell s:StyleID="PartsMiddleCell">
          <s:Data s:Type="String">0603</s:Data>
        </s:Cell>
        <s:Cell s:StyleID="PartsMiddleCell">
          <s:Data s:Type="String" />
        </s:Cell>
        <s:Cell s:StyleID="PartsMiddleCell">
          <s:Data s:Type="String" />
        </s:Cell>
        <s:Cell s:StyleID="PartsMiddleCell">
          <s:Data s:Type="String" />
        </s:Cell>
        <s:Cell s:StyleID="PartsMiddleCell">
          <s:Data s:Type="String" />
        </s:Cell>
        <s:Cell s:StyleID="PartsMiddleCell">
          <s:Data s:Type="String" />
        </s:Cell>
        <s:Cell s:StyleID="PartsRightCell">
          <s:Data s:Type="Number">3</s:Data>
        </s:Cell>
      </s:Row>
      <s:Row>
        <s:Cell s:StyleID="PartsLeftCell">
          <s:Data s:Type="Number">11</s:Data>
        </s:Cell>
        <s:Cell s:StyleID="PartsMiddleCell">
          <s:Data s:Type="String">Resistor</s:Data>
        </s:Cell>
        <s:Cell s:StyleID="PartsMiddleCell">
          <s:Data s:Type="String">R1</s:Data>
        </s:Cell>
        <s:Cell s:StyleID="PartsMiddleCell">
          <s:Data s:Type="String">10k</s:Data>
        </s:Cell>
        <s:Cell s:StyleID="PartsMiddleCell">
          <s:Data s:Type="String">0603</s:Data>
        </s:Cell>
        <s:Cell s:StyleID="PartsMiddleCell">
          <s:Data s:Type="String" />
        </s:Cell>
        <s:Cell s:StyleID="PartsMiddleCell">
          <s:Data s:Type="String" />
        </s:Cell>
        <s:Cell s:StyleID="PartsMiddleCell">
          <s:Data s:Type="String" />
        </s:Cell>
        <s:Cell s:StyleID="PartsMiddleCell">
          <s:Data s:Type="String" />
        </s:Cell>
        <s:Cell s:StyleID="PartsMiddleCell">
          <s:Data s:Type="String" />
        </s:Cell>
        <s:Cell s:StyleID="PartsRightCell">
          <s:Data s:Type="Number">1</s:Data>
        </s:Cell>
      </s:Row>
      <s:Row>
        <s:Cell s:StyleID="PartsBottomLeftCell">
          <s:Data s:Type="Number">12</s:Data>
        </s:Cell>
        <s:Cell s:StyleID="PartsBottomMiddleCell">
          <s:Data s:Type="String">Resistor</s:Data>
        </s:Cell>
        <s:Cell s:StyleID="PartsBottomMiddleCell">
          <s:Data s:Type="String">R5, R7, R8, R9, R10, R11, R12, R13, R14, R15, R16, R17, R18, R19</s:Data>
        </s:Cell>
        <s:Cell s:StyleID="PartsBottomMiddleCell">
          <s:Data s:Type="String">100k</s:Data>
        </s:Cell>
        <s:Cell s:StyleID="PartsBottomMiddleCell">
          <s:Data s:Type="String">0603</s:Data>
        </s:Cell>
        <s:Cell s:StyleID="PartsBottomMiddleCell">
          <s:Data s:Type="String" />
        </s:Cell>
        <s:Cell s:StyleID="PartsBottomMiddleCell">
          <s:Data s:Type="String" />
        </s:Cell>
        <s:Cell s:StyleID="PartsBottomMiddleCell">
          <s:Data s:Type="String" />
        </s:Cell>
        <s:Cell s:StyleID="PartsBottomMiddleCell">
          <s:Data s:Type="String" />
        </s:Cell>
        <s:Cell s:StyleID="PartsBottomMiddleCell">
          <s:Data s:Type="String" />
        </s:Cell>
        <s:Cell s:StyleID="PartsBottomRightCell">
          <s:Data s:Type="Number">14</s:Data>
        </s:Cell>
      </s:Row>
      <s:Row s:Height="15">
        <s:Cell s:MergeAcross="10" />
      </s:Row>
      <s:Row s:Height="20">
        <s:Cell s:MergeAcross="10" s:StyleID="Heading">
          <s:Data s:Type="String">PCB</s:Data>
        </s:Cell>
      </s:Row>
      <s:Row s:AutoFitHeight="0">
        <s:Cell s:MergeAcross="1" s:StyleID="PCBSpecsHeader">
          <s:Data s:Type="String">TH Pad Count</s:Data>
        </s:Cell>
        <s:Cell s:MergeAcross="8" s:StyleID="PCBSpecsFirstLine">
          <s:Data s:Type="Number">44</s:Data>
        </s:Cell>
      </s:Row>
      <s:Row s:AutoFitHeight="0">
        <s:Cell s:MergeAcross="1" s:StyleID="PCBSpecsHeader">
          <s:Data s:Type="String">Via Count</s:Data>
        </s:Cell>
        <s:Cell s:MergeAcross="8" s:StyleID="PCBSpecsLine">
          <s:Data s:Type="Number">42</s:Data>
        </s:Cell>
      </s:Row>
      <s:Row s:AutoFitHeight="0">
        <s:Cell s:MergeAcross="1" s:StyleID="PCBSpecsHeader">
          <s:Data s:Type="String">SMD Pad Count</s:Data>
        </s:Cell>
        <s:Cell s:MergeAcross="8" s:StyleID="PCBSpecsLine">
          <s:Data s:Type="String">112 (top only)</s:Data>
        </s:Cell>
      </s:Row>
      <s:Row s:AutoFitHeight="0">
        <s:Cell s:MergeAcross="1" s:StyleID="PCBSpecsHeader">
          <s:Data s:Type="String">Hole Count</s:Data>
        </s:Cell>
        <s:Cell s:MergeAcross="8" s:StyleID="PCBSpecsLine">
          <s:Data s:Type="Number">0</s:Data>
        </s:Cell>
      </s:Row>
      <s:Row s:AutoFitHeight="0">
        <s:Cell s:MergeAcross="1" s:StyleID="PCBSpecsHeader">
          <s:Data s:Type="String">Total Drill Count</s:Data>
        </s:Cell>
        <s:Cell s:MergeAcross="8" s:StyleID="PCBSpecsLastLine">
          <s:Data s:Type="Number">86</s:Data>
        </s:Cell>
      </s:Row>
      <s:Row s:Height="15">
        <s:Cell s:MergeAcross="10" />
      </s:Row>
      <s:Row s:Height="15">
        <s:Cell s:MergeAcross="10" s:StyleID="NotesHeader">
          <s:Data s:Type="String">Notes</s:Data>
        </s:Cell>
      </s:Row>
      <s:Row s:AutoFitHeight="0">
        <s:Cell s:MergeAcross="10" s:StyleID="NotesFirstLine">
          <s:Data s:Type="String">- Assembly must be RoHS compliant.</s:Data>
        </s:Cell>
      </s:Row>
      <s:Row s:AutoFitHeight="0">
        <s:Cell s:MergeAcross="10" s:StyleID="NotesLine">
          <s:Data s:Type="String">- OK to substitute equivalent parts, unless marked with "No" in Sub column.</s:Data>
        </s:Cell>
      </s:Row>
      <s:Row s:AutoFitHeight="0">
        <s:Cell s:MergeAcross="10" s:StyleID="NotesLine">
          <s:Data s:Type="String">- Resistors:</s:Data>
        </s:Cell>
      </s:Row>
      <s:Row s:AutoFitHeight="0">
        <s:Cell s:MergeAcross="10" s:StyleID="NotesLine">
          <s:Data s:Type="String">    - If power dissipation (W) is not specified, assume it's not critical.</s:Data>
        </s:Cell>
      </s:Row>
      <s:Row s:AutoFitHeight="0">
        <s:Cell s:MergeAcross="10" s:StyleID="NotesLine">
          <s:Data s:Type="String">    - If tolerance (%) is not specified, assume 5%. OK to substitute 1% parts as long as value remains within range.</s:Data>
        </s:Cell>
      </s:Row>
      <s:Row s:AutoFitHeight="0">
        <s:Cell s:MergeAcross="10" s:StyleID="NotesLine">
          <s:Data s:Type="String">- Capacitors:</s:Data>
        </s:Cell>
      </s:Row>
      <s:Row s:AutoFitHeight="0">
        <s:Cell s:MergeAcross="10" s:StyleID="NotesLine">
          <s:Data s:Type="String">    - If minimum voltage rating (V) is not specified, assume 6V.</s:Data>
        </s:Cell>
      </s:Row>
      <s:Row s:AutoFitHeight="0">
        <s:Cell s:MergeAcross="10" s:StyleID="NotesLastLine">
          <s:Data s:Type="String">    - If tolerance (%) is not specified, assume 20%.</s:Data>
        </s:Cell>
      </s:Row>
      <s:Row s:Height="18">
        <s:Cell s:MergeAcross="10" s:StyleID="Copyright">
          <s:Data s:Type="String">© 2013 ScanTool.net LLC</s:Data>
        </s:Cell>
      </s:Row>
    </s:Table>
    <x:WorksheetOptions>
      <x:Selected />
      <x:FitToPage />
      <x:ProtectObjects>False</x:ProtectObjects>
      <x:ProtectScenarios>False</x:ProtectScenarios>
      <x:PageSetup>
        <x:Layout x:Orientation="Landscape" x:CenterHorizontal="1" />
        <x:PageMargins x:Bottom="0.5" x:Left="0.5" x:Right="0.5" x:Top="0.5" />
      </x:PageSetup>
      <x:Print>
        <x:HorizontalResolution>600</x:HorizontalResolution>
        <x:VerticalResolution>600</x:VerticalResolution>
        <x:FitHeight>99</x:FitHeight>
        <x:ValidPrinterInfo />
      </x:Print>
    </x:WorksheetOptions>
  </s:Worksheet>
</s:Workbook>